{
  "vocab": [
    "claim",
    "www",
    "prize",
    "won",
    "uk",
    "ppm",
    "txt",
    "guaranteed",
    "cs",
    "tone",
    "pobox",
    "co",
    "nokia",
    "awarded",
    "box",
    "mobile",
    "service",
    "ringtone",
    "valid",
    "code",
    "mob",
    "collection",
    "po",
    "urgent",
    "video",
    "apply",
    "landline",
    "win",
    "rate",
    "optout",
    "weekly",
    "national",
    "sae",
    "draw",
    "latest",
    "camera",
    "http",
    "entry",
    "cash",
    "contact"
  ],
  "handcraftedKeys": [
    "length",
    "wordCount",
    "urlCount",
    "exclamationCount",
    "digitRatio",
    "upperRatio",
    "currencyCount",
    "urgencyKeywordCount"
  ],
  "mean": [
    4.151111516036077,
    14.047116894772268,
    0.019295490240071798,
    0.2429885573255553,
    0.01874621074213007,
    0.06466416079231355,
    0.003814224814897913,
    0.2250392640789769,
    0.019519856405654026,
    0.017949293246578416,
    0.013013237603769351,
    0.0118914067758582,
    0.01121830827911151,
    0.008974646623289208,
    0.029391967691272156,
    0.007852815795378058,
    0.007852815795378058,
    0.0071797172986313666,
    0.0071797172986313666,
    0.009647745120035899,
    0.009199012788871438,
    0.005833520305137985,
    0.01166704061027597,
    0.02131478573031187,
    0.009199012788871438,
    0.005160421808391295,
    0.004936055642809065,
    0.006057886470720216,
    0.004711689477226834,
    0.004711689477226834,
    0.006955351133049136,
    0.01166704061027597,
    0.004487323311644604,
    0.005609154139555755,
    0.006730984967466906,
    0.012115772941440431,
    0.005160421808391295,
    0.004038590980480144,
    0.004038590980480144,
    0.004038590980480144,
    0.004038590980480144,
    0.0071797172986313666,
    0.006057886470720216,
    0.006057886470720216,
    0.003814224814897913,
    0.003814224814897913,
    0.014135068431680503,
    0.01121830827911151
  ],
  "std": [
    0.7150854573289013,
    10.130227931223757,
    0.13756152912958203,
    0.6459767260048537,
    0.04911875366124568,
    0.10895614226922837,
    0.0777389102044904,
    0.6836803390124131,
    0.13834316611801006,
    0.13276714999776376,
    0.113330901570746,
    0.10839742257429655,
    0.10532073793164966,
    0.09430854861186763,
    0.1689025752512613,
    0.08826748596998445,
    0.08826748596998484,
    0.0844284842819213,
    0.08442848428192018,
    0.09774797253209068,
    0.09546931943080647,
    0.07615438494260938,
    0.10738212501936617,
    0.14443152578153323,
    0.09546931943080446,
    0.07165048398406303,
    0.07008345737405151,
    0.07759631745274953,
    0.06847984710480107,
    0.0684798471047987,
    0.08310820791994372,
    0.1073821250193669,
    0.06683701998998433,
    0.07468394425439823,
    0.08176600032308665,
    0.10940283811433567,
    0.0716504839840629,
    0.06342145349463804,
    0.06342145349463829,
    0.0634214534946389,
    0.0634214534946384,
    0.08442848428192033,
    0.07759631745274939,
    0.07759631745274877,
    0.0616415160744696,
    0.061641516074470715,
    0.11804773725960653,
    0.10532073793164885
  ],
  "weights": [
    1.7171162175498156,
    -0.5987133772203278,
    0.354613777079159,
    0.15769748657070773,
    1.9497079319306647,
    0.1713170113903702,
    -0.21051090394843644,
    0.8407767400252751,
    0.42175154045872953,
    0.29334430680817486,
    0.2730602180587816,
    0.2599985802728612,
    0.5497044787139904,
    0.2281429247507376,
    0.22349797590178463,
    0.20844167734047298,
    0.21230378267615954,
    0.41600446443735545,
    0.2371762884548698,
    -0.19141437345649318,
    -0.03382086364037418,
    0.19433493853278755,
    0.04790156845093818,
    0.5281461761077652,
    0.41203263955143454,
    0.4536897097877085,
    0.21790758375360988,
    -0.046422279724136095,
    0.2529455199550107,
    0.22428726357649625,
    0.1262816074671686,
    -0.062225826161533916,
    0.40432644267154927,
    0.21479537759399617,
    0.048953192963196224,
    0.33131483195985256,
    -0.05691504992544257,
    0.1684369521711594,
    0.1835245743566836,
    0.1762638907402413,
    0.1494012289881743,
    0.23154698002611215,
    0.30280289503924773,
    0.03958393492785745,
    0.2641871149734395,
    0.15306247957240154,
    -0.16017641695606494,
    0.059475027852035366
  ],
  "bias": -1.7379546828028676,
  "trainedAt": "2026-06-22T13:41:10.616Z",
  "testMetrics": {
    "tp": 162,
    "fp": 19,
    "tn": 927,
    "fn": 7,
    "precision": 0.8950276243093923,
    "recall": 0.9585798816568047,
    "f1": 0.9257142857142856,
    "accuracy": 0.9766816143497757
  }
}